model,rank,split,ID,Speaker_ID,Gender,Speech_Class,Native_Region,Speech_Duration_seconds,Discipline_Group,Topic,mode,reference_source,reference_raw,reference,hypothesis_raw,hypothesis,wer
base,1,test,zk1lXf7Ceiw,176,M,SLOW,SOUTH,1.0,Non-Engineering,Higher Order BVPs,raw,Transcript,..,..,can be written as.,can be written as.,4.0
base,2,test,4XulH3TfbT0,203,M,SLOW,EAST,52.541,Engineering,Surface Tension Driven Flows (Contd.),raw,Transcript,"In short time, s is much much  00:52:22,059 so, 8 pi mu s ds/dt=pi r square H rho g okay. So, s ds/dt=R square H rho g/8 mu.","In short time, s is much much  00:52:22,059 so, 8 pi mu s ds/dt=pi r square H rho g okay. So, s ds/dt=R square H rho g/8 mu.","in short time s is much much less than h. So, short time means s is much much less than h. So, the right hand side is approximately pi r square h rho g. So, 8 pi mu s d s d t is equal to pi r square h rho g. So, s d s d t is equal to r square h rho g by 8 mu","in short time s is much much less than h. So, short time means s is much much less than h. So, the right hand side is approximately pi r square h rho g. So, 8 pi mu s d s d t is equal to pi r square h rho g. So, s d s d t is equal to r square h rho g by 8 mu",1.9286
base,3,test,E-r2EDS0uP4,226,M,SLOW,NORTH,29.75,Engineering,Lecture 3 Kinematics of machines,raw,Transcript,"F which we have seen, 3 times n minus 1 minus 2 j. So F is 3 into 4 minus 2 into 5, which","F which we have seen, 3 times n minus 1 minus 2 j. So F is 3 into 4 minus 2 into 5, which","f which we have seen, c times n minus 1 minus 2 j. Sorry, this is I made a mistake here, j 2 is 1, but j 2 is 2 j 2. So, this should be counted as 2 into 1 that is 2 and j is 5. So, f is c into 4 minus 2 into 5 which is 2.","f which we have seen, c times n minus 1 minus 2 j. Sorry, this is I made a mistake here, j 2 is 1, but j 2 is 2 j 2. So, this should be counted as 2 into 1 that is 2 and j is 5. So, f is c into 4 minus 2 into 5 which is 2.",1.7917
base,4,test,RZQTTfU9TNA,284,M,FAST,SOUTH,29.08,Engineering,Encoders and Decoders,raw,Transcript,"normally, this is a practical 3 to 8 decoder, I can give you the IC number if you want to this is 74138, it is not necessary to remember numbers. In fact I am not even sure it’s 128 or 138 but I think it’s 138.","normally, this is a practical 3 to 8 decoder, I can give you the IC number if you want to this is 74138, it is not necessary to remember numbers. In fact I am not even sure it’s 128 or 138 but I think it’s 138.","is a practical 380 quarter actually I can give you the IC number if you want to it is 7, 4, 1, 3, 8. It does not matter, do not have to remember numbers, I do not remember numbers, I will always book out, book out, in fact I am not even sure with 1, 2, 8 or 1, 3, 8, I think it is not 3, 8. Somebody has a book you can have a quick look at it anyway.","is a practical 380 quarter actually I can give you the IC number if you want to it is 7, 4, 1, 3, 8. It does not matter, do not have to remember numbers, I do not remember numbers, I will always book out, book out, in fact I am not even sure with 1, 2, 8 or 1, 3, 8, I think it is not 3, 8. Somebody has a book you can have a quick look at it anyway.",1.2391
base,5,test,Vpoi5W6a3lo,166,M,FAST,SOUTH,17.64,Non-Engineering,Distributions(contd),raw,Transcript,"is when the original distribution is normal like we said this distribution of sample means is also normal. But, we also went through this central limit theorem where we said as long as you are aggregating is sufficiently large number of distributions the resulting distribution starts to look","is when the original distribution is normal like we said this distribution of sample means is also normal. But, we also went through this central limit theorem where we said as long as you are aggregating is sufficiently large number of distributions the resulting distribution starts to look","rate could be something like, well, two people arrive per minute. Okay, so that's two. And I want to ask the question, what is the probability zero people will arrive over the next minute? So I'd say, on average, two people arrive at the bus stop. K is that zero, right? So I'll put, I'll just substitute K with zero.","rate could be something like, well, two people arrive per minute. Okay, so that's two. And I want to ask the question, what is the probability zero people will arrive over the next minute? So I'd say, on average, two people arrive at the bus stop. K is that zero, right? So I'll put, I'll just substitute K with zero.",1.2083
base,6,test,3vVJkvTsbXQ,88,M,SLOW,NORTH,25.36,Engineering,Open MP&PRAM Model of Computation,raw,Transcript,not say assumption but it is an abstraction will talk about how it affect our analysis yes we one is the amount of resource how much memory i have how much local versus or shared,not say assumption but it is an abstraction will talk about how it affect our analysis yes we one is the amount of resource how much memory i have how much local versus or shared,"I won't say assumption, but it is an abstraction. We'll talk about how it affects our analysis. So, as many number of processors as you need, which means it is valid for a single processor to machine of even million. Yes. Right. Right. So, one is the amount of resources. How much memory I have, how much local version or shared.","I won't say assumption, but it is an abstraction. We'll talk about how it affects our analysis. So, as many number of processors as you need, which means it is valid for a single processor to machine of even million. Yes. Right. Right. So, one is the amount of resources. How much memory I have, how much local version or shared.",1.1429
base,7,test,Xatxc4IV9UE,50,M,SLOW,EAST,17.32,Engineering,16,raw,Transcript,"shown it to you. This is here; this is the modified fixed end moment, so we can call","shown it to you. This is here; this is the modified fixed end moment, so we can call","to you. So, here we are saying that this, so this is here and this is the modified fixed end moment. So, we can call it as fixed end moment.","to you. So, here we are saying that this, so this is here and this is the modified fixed end moment. So, we can call it as fixed end moment.",1.1111
base,8,test,vf0S_1ZITuA,203,M,SLOW,EAST,32.75,Engineering,Fundamentals of Discretization: Finite Difference and Finite Volume Method,raw,Transcript,"by 2. So, that it becomes 3 and divided by 2 yes. Now, whether it is plus or minus sign","by 2. So, that it becomes 3 and divided by 2 yes. Now, whether it is plus or minus sign","x by so it is h square by. So, it was 3 factorial and that multiplied by 2 so that it becomes 3 and divided by 2 yes.","x by so it is h square by. So, it was 3 factorial and that multiplied by 2 so that it becomes 3 and divided by 2 yes.",1.1
base,9,test,kPnr_57oii4,290,M,SLOW,EAST,29.74,Engineering,Other matching networks,raw,Transcript,"course assuming that Q is large, so what is this","course assuming that Q is large, so what is this","of course, assuming that q is large. Assuming that q is large. So, what is this","of course, assuming that q is large. Assuming that q is large. So, what is this",1.0
base,10,test,-2aOCNaOiLs,222,M,SLOW,SOUTH,4.989,Engineering,Conduction- Cylindrical and Spherical geometries,raw,Transcript,considered in problem 45.,considered in problem 45.,considered in problem 45. Let us do that.,considered in problem 45. Let us do that.,1.0
base,11,test,kHeysMOk9h4,82,M,SLOW,NORTH,24.69,Engineering,Parallel Algorithm,raw,Transcript,"n cross n, n plus 1 column is nothing but the b has been moved to n plus 1, that is You have A matrix and then you have B vector; instead of putting B here I have put B here","n cross n, n plus 1 column is nothing but the b has been moved to n plus 1, that is You have A matrix and then you have B vector; instead of putting B here I have put B here",something in every new monitor methods problem generally we walk on shared memory model. The people are working nowadays on platform issues. So the next problem is that we have to tell me how I can do it.,something in every new monitor methods problem generally we walk on shared memory model. The people are working nowadays on platform issues. So the next problem is that we have to tell me how I can do it.,0.9756
base,12,test,lnD212vbPSk,70,M,FAST,SOUTH,26.769,Engineering,Sludge Treatment(Continued),raw,Transcript,We will see the advantages of this sludge draining beds for other dewatering processes. The cost involved is very very low for the sludge draining beds and infrequent attention is required because we can just go and dump the sludge on the sludge draining beds and it will automatically get dried because of evaporation and leaching,We will see the advantages of this sludge draining beds for other dewatering processes. The cost involved is very very low for the sludge draining beds and infrequent attention is required because we can just go and dump the sludge on the sludge draining beds and it will automatically get dried because of evaporation and leaching,"much higher compared to the summer and it is a labor intensive sludge process as far as sludge removal is concerned because we are pumping the liquid sludge to the sludge drying birds. Once the sludge is dried how can we remove it? We have to remove the sludge from the sludge drying bird manually. So, it is a labor intensive process and","much higher compared to the summer and it is a labor intensive sludge process as far as sludge removal is concerned because we are pumping the liquid sludge to the sludge drying birds. Once the sludge is dried how can we remove it? We have to remove the sludge from the sludge drying bird manually. So, it is a labor intensive process and",0.9643
base,13,test,F_cYtK9hP4o,95,M,SLOW,SOUTH,20.81,Engineering,Load-dependent service centers,raw,Transcript,"be 0.16.So, this is end of our second iteration. So, third iteration. I will let you figure it out.Now,RFEC of 3 equals 1.So, again j","be 0.16.So, this is end of our second iteration. So, third iteration. I will let you figure it out.Now,RFEC of 3 equals 1.So, again j","So, this is the end of our second iteration. So, third iteration, I will let you figure it out. So, now, R f e c of 3 equals 1. So, again j f e c is 1, so this is the end of","So, this is the end of our second iteration. So, third iteration, I will let you figure it out. So, now, R f e c of 3 equals 1. So, again j f e c is 1, so this is the end of",0.96
base,14,test,qx86xQ6UKmU,70,M,FAST,SOUTH,15.29,Engineering,Adsorption,raw,Transcript,of the same charge into the solution in a chemically equivalent amount. Once again I will explain. Ion exchange is defined as the process where an insoluble substance removes ions of positive or negative charge from an electrolytic solution and releases other ions of the same charge,of the same charge into the solution in a chemically equivalent amount. Once again I will explain. Ion exchange is defined as the process where an insoluble substance removes ions of positive or negative charge from an electrolytic solution and releases other ions of the same charge,"by what is the concentration of b n plus in the solution. So, R n minus b n plus resin means active activity of b n plus in the resin and b n plus 1 s means activity of b n plus","by what is the concentration of b n plus in the solution. So, R n minus b n plus resin means active activity of b n plus in the resin and b n plus 1 s means activity of b n plus",0.9574
base,15,test,qBw8ZQrJeys,292,M,SLOW,SOUTH,7.01,Engineering,Level Testing,raw,Transcript,"that is also saw it as an input may not be a functional requirements this is a dependent in the message, okay. So next for is performance requirements let try to understand what performance that ports the entire process of booting up till operational mode.","that is also saw it as an input may not be a functional requirements this is a dependent in the message, okay. So next for is performance requirements let try to understand what performance that ports the entire process of booting up till operational mode.",stability. This will continue in the next.,stability. This will continue in the next.,0.9556
base,16,test,nwcOtus_7eo,230,M,SLOW,NORTH,13.909,Engineering,Free Vibration,raw,Transcript,"This is k1 and this is y; that means, k1 y is equal to k2 x minus k2y. Therefore, y is","This is k1 and this is y; that means, k1 y is equal to k2 x minus k2y. Therefore, y is","is y that means k 1 y is equal to k 2 x minus y k 2 x minus k 2 y therefore, y is","is y that means k 1 y is equal to k 2 x minus y k 2 x minus k 2 y therefore, y is",0.9524
base,17,test,vlImg6wCr8M,195,M,AVG,SOUTH,24.56,Engineering,Op-Amp Circuits and Signal conditioning for Microsystems Devices,raw,Transcript,that is v0 = v01 which v1 x r2/r1 +v02 which is –v2 x r2/r1 so that is r2/r1 x v1-v2. so ultimately what we conclude is this is an amplifier which uses an output = the difference between the 2 v1-v2. if v1 is connected to this + terminal v2 is connected to – terminal,that is v0 = v01 which v1 x r2/r1 +v02 which is –v2 x r2/r1 so that is r2/r1 x v1-v2. so ultimately what we conclude is this is an amplifier which uses an output = the difference between the 2 v1-v2. if v1 is connected to this + terminal v2 is connected to – terminal,"which is V 1 into R to the power 1 plus V 2 which is minus V 2 into R to the power 1. So, that is R to the power 1 into V 1 minus V 2. So, ultimately what we conclude is this is an amplifier which gives an output equal to the difference between the two V 1 minus V 2. If V 1 is connected to the first terminal, V 2 is connected to minus terminal.","which is V 1 into R to the power 1 plus V 2 which is minus V 2 into R to the power 1. So, that is R to the power 1 into V 1 minus V 2. So, ultimately what we conclude is this is an amplifier which gives an output equal to the difference between the two V 1 minus V 2. If V 1 is connected to the first terminal, V 2 is connected to minus terminal.",0.9464
base,18,test,whuItiXjk5s,277,M,SLOW,SOUTH,64.92,Engineering,Error Budgeting for Thermo Couple Amplifier,raw,Transcript,"can make the output goes to 0. So, this kind of adjustment has to be done. By assuming I bias current plus equal to I bias current minus, we can make error due to bias current to 0 by selecting the resistor values. Now, for example, if I have a gain 25, then I can select this R f and I call this is R","can make the output goes to 0. So, this kind of adjustment has to be done. By assuming I bias current plus equal to I bias current minus, we can make error due to bias current to 0 by selecting the resistor values. Now, for example, if I have a gain 25, then I can select this R f and I call this is R","can make the output code to 0. So, this kind of adjustment has to be done. So, by assuming by assuming as assuming I plus I by as current plus equal to I by as current minus we can we I plus I by as current plus equal to I by as current minus we can we can make error due to error due to by as current to 0 and to 0 by adjust by setting there is a value register values. Now, for example, if I want to have a","can make the output code to 0. So, this kind of adjustment has to be done. So, by assuming by assuming as assuming I plus I by as current plus equal to I by as current minus we can we I plus I by as current plus equal to I by as current minus we can we can make error due to error due to by as current to 0 and to 0 by adjust by setting there is a value register values. Now, for example, if I want to have a",0.9385
base,19,test,6CwSfoOR7-U,50,M,SLOW,EAST,15.7,Engineering,25,raw,Transcript,"Therefore, if you look at the sway moments, they turn out to be equal toů.","Therefore, if you look at the sway moments, they turn out to be equal toů.","So, this for therefore, if you look at the sway moments, if you look at the sway moments they turn out to be equal to M.","So, this for therefore, if you look at the sway moments, if you look at the sway moments they turn out to be equal to M.",0.8667
base,20,test,U6xmF1EqMEM,178,M,SLOW,EAST,30.0,Non-Engineering,Laws of Probability,raw,Transcript,should be= probability of ai*probability of aj* probability of ak i j k must != and so on probability of intersection ai i=1 to n must be= the product of all the probabilities basically these are 2 to the power n-n-1 conditions,should be= probability of ai*probability of aj* probability of ak i j k must != and so on probability of intersection ai i=1 to n must be= the product of all the probabilities basically these are 2 to the power n-n-1 conditions,that should be equal to probability of A i into probability of A j into probability of A k i j k must not be equal and so on. Probability of intersection A i i is equal to 1 to n must be equal to the product of all the probabilities. Basically these are 2 to the power n minus n minus 1 conditions.,that should be equal to probability of A i into probability of A j into probability of A k i j k must not be equal and so on. Probability of intersection A i i is equal to 1 to n must be equal to the product of all the probabilities. Basically these are 2 to the power n minus n minus 1 conditions.,0.8571
medium,1,test,zk1lXf7Ceiw,176,M,SLOW,SOUTH,1.0,Non-Engineering,Higher Order BVPs,raw,Transcript,..,..,can be written as.,can be written as.,4.0
medium,2,test,E-r2EDS0uP4,226,M,SLOW,NORTH,29.75,Engineering,Lecture 3 Kinematics of machines,raw,Transcript,"F which we have seen, 3 times n minus 1 minus 2 j. So F is 3 into 4 minus 2 into 5, which","F which we have seen, 3 times n minus 1 minus 2 j. So F is 3 into 4 minus 2 into 5, which","f which we have seen c times n minus 1 minus 2j sorry this is I made a mistake here j2 is 1 but j2 is 2j2 so this should be counted as 2 into 1 that is 2 and j is 5. So, f is c into 4 minus 2 into 5 which is 2.","f which we have seen c times n minus 1 minus 2j sorry this is I made a mistake here j2 is 1 but j2 is 2j2 so this should be counted as 2 into 1 that is 2 and j is 5. So, f is c into 4 minus 2 into 5 which is 2.",1.6667
medium,3,test,vf0S_1ZITuA,203,M,SLOW,EAST,32.75,Engineering,Fundamentals of Discretization: Finite Difference and Finite Volume Method,raw,Transcript,"by 2. So, that it becomes 3 and divided by 2 yes. Now, whether it is plus or minus sign","by 2. So, that it becomes 3 and divided by 2 yes. Now, whether it is plus or minus sign","x by, so it is h square by, so it was 3 factorial and that multiplied by 2, so that it becomes 3 and divided by 2, yes. So, this is the first one, so this is the second one, so","x by, so it is h square by, so it was 3 factorial and that multiplied by 2, so that it becomes 3 and divided by 2, yes. So, this is the first one, so this is the second one, so",1.55
medium,4,test,4XulH3TfbT0,203,M,SLOW,EAST,52.541,Engineering,Surface Tension Driven Flows (Contd.),raw,Transcript,"In short time, s is much much  00:52:22,059 so, 8 pi mu s ds/dt=pi r square H rho g okay. So, s ds/dt=R square H rho g/8 mu.","In short time, s is much much  00:52:22,059 so, 8 pi mu s ds/dt=pi r square H rho g okay. So, s ds/dt=R square H rho g/8 mu.","In short time, s is much much less than h. So short time means s is much much less than h. So the right hand side is approximately pi r square h rho g. So 8 pi mu s ds dt is equal to pi r square h rho g.","In short time, s is much much less than h. So short time means s is much much less than h. So the right hand side is approximately pi r square h rho g. So 8 pi mu s ds dt is equal to pi r square h rho g.",1.3214
medium,5,test,tsdoIka0mEg,175,M,SLOW,NORTH,28.91,Non-Engineering,"Irrational numbers, Dedekind's Theorem",raw,Transcript,"R, then alpha belongs to R, R, the number alpha itself, the number alpha itself may","R, then alpha belongs to R, R, the number alpha itself, the number alpha itself may","r, then alpha belongs to R, R the number alpha itself, the number alpha itself may belong to R, R the number alpha itself may belong to R, R the number alpha itself may belong","r, then alpha belongs to R, R the number alpha itself, the number alpha itself may belong to R, R the number alpha itself may belong to R, R the number alpha itself may belong",1.3125
medium,6,test,Vpoi5W6a3lo,166,M,FAST,SOUTH,17.64,Non-Engineering,Distributions(contd),raw,Transcript,"is when the original distribution is normal like we said this distribution of sample means is also normal. But, we also went through this central limit theorem where we said as long as you are aggregating is sufficiently large number of distributions the resulting distribution starts to look","is when the original distribution is normal like we said this distribution of sample means is also normal. But, we also went through this central limit theorem where we said as long as you are aggregating is sufficiently large number of distributions the resulting distribution starts to look",rate could be something like well two people arrive permanent. Okay so that's two and I want to ask the question what is the probability zero people will arrive over the next minute. So I'd say on average two people arrive at the bus stop. K is that zero right so I'll put I'll substitute K with zero,rate could be something like well two people arrive permanent. Okay so that's two and I want to ask the question what is the probability zero people will arrive over the next minute. So I'd say on average two people arrive at the bus stop. K is that zero right so I'll put I'll substitute K with zero,1.1667
medium,7,test,8PZx5kgLSqQ,302,M,SLOW,WEST,64.24,Engineering,Lloyd-Max Quantizer,raw,Transcript,"minus 1 and b L by 2. We know b L by 2 from our knowledge of the data. Therefore, we can compute the integral. Y L by 2 is equal to and compare it with the previously computed value of y L by 2. Now, if the difference","minus 1 and b L by 2. We know b L by 2 from our knowledge of the data. Therefore, we can compute the integral. Y L by 2 is equal to and compare it with the previously computed value of y L by 2. Now, if the difference","minus 1 and b l by 2. We know b l by 2 from our knowledge of the data. Therefore, we can compute the integral y l by 2 is equal to y l by 2 minus 1 minus 1 minus 1 minus 1 minus 1 minus 1 minus 1 minus 1 minus 1 minus 1 minus 1 minus 1 minus 1 minus 1 minus 1 minus 1 minus 1 minus 1 minus 1 minus 1 minus 1 minus and compare it with the previously computed value of y l by 2.","minus 1 and b l by 2. We know b l by 2 from our knowledge of the data. Therefore, we can compute the integral y l by 2 is equal to y l by 2 minus 1 minus 1 minus 1 minus 1 minus 1 minus 1 minus 1 minus 1 minus 1 minus 1 minus 1 minus 1 minus 1 minus 1 minus 1 minus 1 minus 1 minus 1 minus 1 minus 1 minus 1 minus and compare it with the previously computed value of y l by 2.",1.1633
medium,8,test,3vVJkvTsbXQ,88,M,SLOW,NORTH,25.36,Engineering,Open MP&PRAM Model of Computation,raw,Transcript,not say assumption but it is an abstraction will talk about how it affect our analysis yes we one is the amount of resource how much memory i have how much local versus or shared,not say assumption but it is an abstraction will talk about how it affect our analysis yes we one is the amount of resource how much memory i have how much local versus or shared,"I won't say assumption, but it is an abstraction. We'll talk about how it affects our analysis. As many number of processors as you need, which means it is valid for a single processor to machine of even millions of processors. Yes. So one is the amount of resources, how much memory I have, how much local versus shared.","I won't say assumption, but it is an abstraction. We'll talk about how it affects our analysis. As many number of processors as you need, which means it is valid for a single processor to machine of even millions of processors. Yes. So one is the amount of resources, how much memory I have, how much local versus shared.",1.0857
medium,9,test,EayOCWaiRkw,277,M,SLOW,SOUTH,27.8,Engineering,Dual Slope ADC and Successor approximation ADC,raw,Transcript,"Now, that is voltage in C remains constant because it cannot discharge the assuming the bias current is negligible then the voltage","Now, that is voltage in C remains constant because it cannot discharge the assuming the bias current is negligible then the voltage","Now, the voltage that is the voltage and C remains constant voltage in C remains constant voltage in C remains constant, because it cannot discharge assuming the bias current is negligible then the voltage in C remains constant, because it cannot discharge assuming","Now, the voltage that is the voltage and C remains constant voltage in C remains constant voltage in C remains constant, because it cannot discharge assuming the bias current is negligible then the voltage in C remains constant, because it cannot discharge assuming",1.0455
medium,10,test,U6xmF1EqMEM,178,M,SLOW,EAST,30.0,Non-Engineering,Laws of Probability,raw,Transcript,should be= probability of ai*probability of aj* probability of ak i j k must != and so on probability of intersection ai i=1 to n must be= the product of all the probabilities basically these are 2 to the power n-n-1 conditions,should be= probability of ai*probability of aj* probability of ak i j k must != and so on probability of intersection ai i=1 to n must be= the product of all the probabilities basically these are 2 to the power n-n-1 conditions,"that should be equal to probability of a i into probability of a j into probability of a k i j k must not be equal and so on. Probability of intersection a i i is equal to 1 to n must be equal to the product of all the probabilities . Basically these are 2 to the power n minus n minus 1 conditions . So, this is the first condition.","that should be equal to probability of a i into probability of a j into probability of a k i j k must not be equal and so on. Probability of intersection a i i is equal to 1 to n must be equal to the product of all the probabilities . Basically these are 2 to the power n minus n minus 1 conditions . So, this is the first condition.",1.0
medium,11,test,-2aOCNaOiLs,222,M,SLOW,SOUTH,4.989,Engineering,Conduction- Cylindrical and Spherical geometries,raw,Transcript,considered in problem 45.,considered in problem 45.,considered in problem 45. Let us do that.,considered in problem 45. Let us do that.,1.0
medium,12,test,lnD212vbPSk,70,M,FAST,SOUTH,26.769,Engineering,Sludge Treatment(Continued),raw,Transcript,We will see the advantages of this sludge draining beds for other dewatering processes. The cost involved is very very low for the sludge draining beds and infrequent attention is required because we can just go and dump the sludge on the sludge draining beds and it will automatically get dried because of evaporation and leaching,We will see the advantages of this sludge draining beds for other dewatering processes. The cost involved is very very low for the sludge draining beds and infrequent attention is required because we can just go and dump the sludge on the sludge draining beds and it will automatically get dried because of evaporation and leaching,"much higher compared to the summer and it is a labor intensive sludge process as far as sludge removal is concerned because we are pumping the liquid sludge to the sludge drying beds. Once the sludge is dried how can we remove it? We have to remove the sludge from the sludge drying bed manually. So, it is a labor intensive process and it","much higher compared to the summer and it is a labor intensive sludge process as far as sludge removal is concerned because we are pumping the liquid sludge to the sludge drying beds. Once the sludge is dried how can we remove it? We have to remove the sludge from the sludge drying bed manually. So, it is a labor intensive process and it",0.9643
medium,13,test,qx86xQ6UKmU,70,M,FAST,SOUTH,15.29,Engineering,Adsorption,raw,Transcript,of the same charge into the solution in a chemically equivalent amount. Once again I will explain. Ion exchange is defined as the process where an insoluble substance removes ions of positive or negative charge from an electrolytic solution and releases other ions of the same charge,of the same charge into the solution in a chemically equivalent amount. Once again I will explain. Ion exchange is defined as the process where an insoluble substance removes ions of positive or negative charge from an electrolytic solution and releases other ions of the same charge,"by what is the concentration of Bn plus in the solution. So, Rn minus Bn plus resin means activity of Bn plus in the resin and Bn plus 1 S means activity of Bn plus in the solution.","by what is the concentration of Bn plus in the solution. So, Rn minus Bn plus resin means activity of Bn plus in the resin and Bn plus 1 S means activity of Bn plus in the solution.",0.9574
medium,14,test,qBw8ZQrJeys,292,M,SLOW,SOUTH,7.01,Engineering,Level Testing,raw,Transcript,"that is also saw it as an input may not be a functional requirements this is a dependent in the message, okay. So next for is performance requirements let try to understand what performance that ports the entire process of booting up till operational mode.","that is also saw it as an input may not be a functional requirements this is a dependent in the message, okay. So next for is performance requirements let try to understand what performance that ports the entire process of booting up till operational mode.",This we will continue in the next class.,This we will continue in the next class.,0.9333
medium,15,test,vlImg6wCr8M,195,M,AVG,SOUTH,24.56,Engineering,Op-Amp Circuits and Signal conditioning for Microsystems Devices,raw,Transcript,that is v0 = v01 which v1 x r2/r1 +v02 which is –v2 x r2/r1 so that is r2/r1 x v1-v2. so ultimately what we conclude is this is an amplifier which uses an output = the difference between the 2 v1-v2. if v1 is connected to this + terminal v2 is connected to – terminal,that is v0 = v01 which v1 x r2/r1 +v02 which is –v2 x r2/r1 so that is r2/r1 x v1-v2. so ultimately what we conclude is this is an amplifier which uses an output = the difference between the 2 v1-v2. if v1 is connected to this + terminal v2 is connected to – terminal,"which is v 1 into r 2 by r 1 plus v naught 2 which is minus v 2 into r 2 by r 1. So, that is r 2 by r 1 into v 1 minus v 2. So, ultimately what we conclude is this is an amplifier which gives an output equal to the difference between the two v 1 minus v 2. v 1 is plus connected to this plus terminal v 2 is connected to minus terminal.","which is v 1 into r 2 by r 1 plus v naught 2 which is minus v 2 into r 2 by r 1. So, that is r 2 by r 1 into v 1 minus v 2. So, ultimately what we conclude is this is an amplifier which gives an output equal to the difference between the two v 1 minus v 2. v 1 is plus connected to this plus terminal v 2 is connected to minus terminal.",0.9286
medium,16,test,kHeysMOk9h4,82,M,SLOW,NORTH,24.69,Engineering,Parallel Algorithm,raw,Transcript,"n cross n, n plus 1 column is nothing but the b has been moved to n plus 1, that is You have A matrix and then you have B vector; instead of putting B here I have put B here","n cross n, n plus 1 column is nothing but the b has been moved to n plus 1, that is You have A matrix and then you have B vector; instead of putting B here I have put B here",problem generally we work on shared memory model the people are working nowadays on cluster machines. Now the next problem is that we have to tell me how I can do it.,problem generally we work on shared memory model the people are working nowadays on cluster machines. Now the next problem is that we have to tell me how I can do it.,0.9268
medium,17,test,RZQTTfU9TNA,284,M,FAST,SOUTH,29.08,Engineering,Encoders and Decoders,raw,Transcript,"normally, this is a practical 3 to 8 decoder, I can give you the IC number if you want to this is 74138, it is not necessary to remember numbers. In fact I am not even sure it’s 128 or 138 but I think it’s 138.","normally, this is a practical 3 to 8 decoder, I can give you the IC number if you want to this is 74138, it is not necessary to remember numbers. In fact I am not even sure it’s 128 or 138 but I think it’s 138.","This is a practical 3-3 decoder, actually I can give you the IC number if you want to, it is 74138. It does not matter, you do not have to remember numbers, I do not remember numbers, in fact I am not even sure if it is 128 or 138, I think it is 138. Somebody has a book you can have a quick look at it.","This is a practical 3-3 decoder, actually I can give you the IC number if you want to, it is 74138. It does not matter, you do not have to remember numbers, I do not remember numbers, in fact I am not even sure if it is 128 or 138, I think it is 138. Somebody has a book you can have a quick look at it.",0.913
medium,18,test,vlFdVYAXIxg,125,M,SLOW,EAST,25.89,Engineering,and Computer Aided Design of Filters,raw,Transcript,"X 3 its fine, what about X 4, X 5, X 6, X 7? Now you see, W N Say W 8, N is 8 in our case .W 8, 5 W 8, 4 how much is it? Minus 1? W 8, 5 minus W 9,","X 3 its fine, what about X 4, X 5, X 6, X 7? Now you see, W N Say W 8, N is 8 in our case .W 8, 5 W 8, 4 how much is it? Minus 1? W 8, 5 minus W 9,","3, then added with g 3 that will give me x 3, it is fine. What about x 4, x 5, x 6, x 7? Now, you see W n say W 8, n is 8 in our case, W 8 is a function of x 3, x 4, x 5,","3, then added with g 3 that will give me x 3, it is fine. What about x 4, x 5, x 6, x 7? Now, you see W n say W 8, n is 8 in our case, W 8 is a function of x 3, x 4, x 5,",0.8913
medium,19,test,smVkvSR4CjE,36,M,FAST,SOUTH,19.591,Engineering,Non-Isothermal Reactors (Graphical Design) Contd.,raw,Transcript,side this is this side. If you are only one side you will never get right so the condition for this to be optimal. The condition for this to be optimal that means this crossing this side is uhh integral,side this is this side. If you are only one side you will never get right so the condition for this to be optimal. The condition for this to be optimal that means this crossing this side is uhh integral,"this is this side. If you are only one side you will never get optimal, right? So the condition for this to be optimal, the condition for this to be optimal that means This side is, integral integral alpha by pi dot t squared sin theta by pi dx square,drum can be written as integral alpha by square done integral alpha by pi","this is this side. If you are only one side you will never get optimal, right? So the condition for this to be optimal, the condition for this to be optimal that means This side is, integral integral alpha by pi dot t squared sin theta by pi dx square,drum can be written as integral alpha by square done integral alpha by pi",0.875
medium,20,test,OFfJiIhFkJ4,43,M,SLOW,EAST,19.42,Non-Engineering,Determination of Molecular Weight of Polymers (Contd.),raw,Transcript,"we know that in gel permeation chromatography there is no interaction between the polymer molecules and the pores or the column there is no interaction between them. So, the value","we know that in gel permeation chromatography there is no interaction between the polymer molecules and the pores or the column there is no interaction between them. So, the value","We know that in gel permeation chromatography, there is no interaction between the polymer molecules and the pores or the column, there is no interaction between them. So, del H value of the polymer molecules is equal to del H, del H is equal to del H, del H is equal","We know that in gel permeation chromatography, there is no interaction between the polymer molecules and the pores or the column, there is no interaction between them. So, del H value of the polymer molecules is equal to del H, del H is equal to del H, del H is equal",0.8333
large,1,test,zk1lXf7Ceiw,176,M,SLOW,SOUTH,1.0,Non-Engineering,Higher Order BVPs,raw,Transcript,..,..,can be written as,can be written as,4.0
large,2,test,AfQRHoPr2Fs,183,M,FAST,SOUTH,25.97,Non-Engineering,Gluing (n+1) copies of Affine n-Space to Produce Projective n-space in Topology,raw,Transcript,the homogeneity property it can be defined in more than one way and to explain that lets look at an example ok. So suppose you take a suppose we take a point lambda knot lambda N in projective space and,the homogeneity property it can be defined in more than one way and to explain that lets look at an example ok. So suppose you take a suppose we take a point lambda knot lambda N in projective space and,the homogeneity property it can be defined in more than one way and to explain that let us look at an example okay. So suppose you take suppose we take a point lambda not lambda n in projective space and say we take R R plus H is the time that the American library determines the hvor Foot c hat is the volume of the mostrar I put it this way and the last one there 밀ống步 we gentlemen we conclude that equation to the expression of the Brownian rhoision within the calm Stew wobble. I want to say something at least.漏 so to speak. Let's. Care should mean that I always do something I always would. Again I am doch да.,the homogeneity property it can be defined in more than one way and to explain that let us look at an example okay. So suppose you take suppose we take a point lambda not lambda n in projective space and say we take R R plus H is the time that the American library determines the hvor Foot c hat is the volume of the mostrar I put it this way and the last one there 밀ống步 we gentlemen we conclude that equation to the expression of the Brownian rhoision within the calm Stew wobble. I want to say something at least.漏 so to speak. Let's. Care should mean that I always do something I always would. Again I am doch да.,2.2
large,3,test,LVGVc3ryNkI,46,F,SLOW,NORTH,24.0,Non-Engineering,Advance Analytical Course,raw,Transcript,"extraction (USLE), and enzymatic hydrolysis. So, now, you see that, from the classical methods of just simple digestion, or simply wet oxidation and ashing, now, 5 new or 6 new sample preparation methods have come up in the recent trend; microwave acid","extraction (USLE), and enzymatic hydrolysis. So, now, you see that, from the classical methods of just simple digestion, or simply wet oxidation and ashing, now, 5 new or 6 new sample preparation methods have come up in the recent trend; microwave acid","USLE and enzymatic hydrolysis. So, now you see that from the classical methods of just simple digestion or simply wet oxidation and ashing, now 5 new or 6 new sample preparation methods have come up in the recent trend. Okay? And so now these you picked. Adrian, would you like to share some examples of- Yes, of course. It's just that we were putting 국� kosten вы voulez market you And you're, you're not using the emerging reading brand right now, to keep track of Electrophages? Yeah. Oh, no. Yeah. I'm sorry. Thank you. …äre, are these weak and hard-possessing. What? Are these also not ready- tus les? Yeah. Equally it's helpful. Oh, continue. All right. Alright. Do you need to那.","USLE and enzymatic hydrolysis. So, now you see that from the classical methods of just simple digestion or simply wet oxidation and ashing, now 5 new or 6 new sample preparation methods have come up in the recent trend. Okay? And so now these you picked. Adrian, would you like to share some examples of- Yes, of course. It's just that we were putting 국� kosten вы voulez market you And you're, you're not using the emerging reading brand right now, to keep track of Electrophages? Yeah. Oh, no. Yeah. I'm sorry. Thank you. …äre, are these weak and hard-possessing. What? Are these also not ready- tus les? Yeah. Equally it's helpful. Oh, continue. All right. Alright. Do you need to那.",2.119
large,4,test,4XulH3TfbT0,203,M,SLOW,EAST,52.541,Engineering,Surface Tension Driven Flows (Contd.),raw,Transcript,"In short time, s is much much  00:52:22,059 so, 8 pi mu s ds/dt=pi r square H rho g okay. So, s ds/dt=R square H rho g/8 mu.","In short time, s is much much  00:52:22,059 so, 8 pi mu s ds/dt=pi r square H rho g okay. So, s ds/dt=R square H rho g/8 mu.","in short time S is much much less than h. So, short time means S is much much less than h. So, the right hand side is approximately pi r square h rho g. So, 8 pi mu S d S d t is equal to pi r square h rho g. So, S d S d t is equal to r square h rho g by 8 mu.","in short time S is much much less than h. So, short time means S is much much less than h. So, the right hand side is approximately pi r square h rho g. So, 8 pi mu S d S d t is equal to pi r square h rho g. So, S d S d t is equal to r square h rho g by 8 mu.",2.0
large,5,test,kPnr_57oii4,290,M,SLOW,EAST,29.74,Engineering,Other matching networks,raw,Transcript,"course assuming that Q is large, so what is this","course assuming that Q is large, so what is this","course, assuming that Q is large, assuming that Q is large. So, what is this? So, what is this? So, what is this?","course, assuming that Q is large, assuming that Q is large. So, what is this? So, what is this? So, what is this?",1.6
large,6,test,E-r2EDS0uP4,226,M,SLOW,NORTH,29.75,Engineering,Lecture 3 Kinematics of machines,raw,Transcript,"F which we have seen, 3 times n minus 1 minus 2 j. So F is 3 into 4 minus 2 into 5, which","F which we have seen, 3 times n minus 1 minus 2 j. So F is 3 into 4 minus 2 into 5, which","f which we have seen, c times n minus 1 minus 2j. Sorry, this is, I made a mistake here, j2 is 1, but j2 is 2j2. So, this should be counted as 2 into 1, that is 2, and j is 5. So, f is c into 4 minus 2 into 5, which is 2.","f which we have seen, c times n minus 1 minus 2j. Sorry, this is, I made a mistake here, j2 is 1, but j2 is 2j2. So, this should be counted as 2 into 1, that is 2, and j is 5. So, f is c into 4 minus 2 into 5, which is 2.",1.5833
large,7,test,o9ueYSKj9og,219,M,FAST,EAST,16.951,Engineering,of Ideal Gases,raw,Transcript,"For example, here, If we see for any component kth component, let us write for kth component that is equal to nk R bar T. If we now substitute R bar T as sigma n like this, that means nk","For example, here, If we see for any component kth component, let us write for kth component that is equal to nk R bar T. If we now substitute R bar T as sigma n like this, that means nk",example here. Now if you see for any component kth component let us write for kth component that is equal to nk r bar t and if you substitute r bar t as sigma n like this that means nk r bar t is equal to nk r bar t. So if you substitute r bar t as sigma n like this then you will get this. Now if you substitute r bar t as sigma n like this then you will get this. Now if you substitute,example here. Now if you see for any component kth component let us write for kth component that is equal to nk r bar t and if you substitute r bar t as sigma n like this that means nk r bar t is equal to nk r bar t. So if you substitute r bar t as sigma n like this then you will get this. Now if you substitute r bar t as sigma n like this then you will get this. Now if you substitute,1.55
large,8,test,-2aOCNaOiLs,222,M,SLOW,SOUTH,4.989,Engineering,Conduction- Cylindrical and Spherical geometries,raw,Transcript,considered in problem 45.,considered in problem 45.,considered in problem forty five. Let us do that.,considered in problem forty five. Let us do that.,1.5
large,9,test,aGvMubj8NXk,103,M,SLOW,SOUTH,17.03,Engineering,24 Programmed I/O,raw,Transcript,"register; we can use them for different purposes. This is the fundamental, basic requirement. So now, you can see assuming the device has prepared the data and then put in the data","register; we can use them for different purposes. This is the fundamental, basic requirement. So now, you can see assuming the device has prepared the data and then put in the data","register we can use for different purpose. Just one for example we are seeing now, this is fundamental basic thing anyway requirement. So now you can see assuming the device has prepared the data and then put in the data either in his hand. So and This is going to show up in like you a few minutes which is really Good tomb. It says from its� So but This 아ской","register we can use for different purpose. Just one for example we are seeing now, this is fundamental basic thing anyway requirement. So now you can see assuming the device has prepared the data and then put in the data either in his hand. So and This is going to show up in like you a few minutes which is really Good tomb. It says from its� So but This 아ской",1.5
large,10,test,MbKrIieogNc,126,M,AVG,EAST,28.11,Engineering,29 Pneumatic Control Systems - I,raw,Transcript,"So, you need only apply pneumatic pressure for moving the valve to the right, for moment to the left is actually achieved by the spring. Similarly, if you connect it to this position, then what happens is that, the pressure gets connected, here and then when this valve is","So, you need only apply pneumatic pressure for moving the valve to the right, for moment to the left is actually achieved by the spring. Similarly, if you connect it to this position, then what happens is that, the pressure gets connected, here and then when this valve is","So, you need only apply pneumatic pressure for moving the valve to the right from movement to the left is actually achieved by this spring. Similarly, if you connect it to this position then what happens is that the pressure gets connected here and then when this valve is connected to the spring, the pressure is going to be applied to the right from the left. So, if you connect this spring to the left, then what happens is that the pressure gets connected to the right from the left. So, this is the spring that is connected to the left from the right. So, you need only apply pneumatic pressure to this spring.","So, you need only apply pneumatic pressure for moving the valve to the right from movement to the left is actually achieved by this spring. Similarly, if you connect it to this position then what happens is that the pressure gets connected here and then when this valve is connected to the spring, the pressure is going to be applied to the right from the left. So, if you connect this spring to the left, then what happens is that the pressure gets connected to the right from the left. So, this is the spring that is connected to the left from the right. So, you need only apply pneumatic pressure to this spring.",1.4694
large,11,test,vf0S_1ZITuA,203,M,SLOW,EAST,32.75,Engineering,Fundamentals of Discretization: Finite Difference and Finite Volume Method,raw,Transcript,"by 2. So, that it becomes 3 and divided by 2 yes. Now, whether it is plus or minus sign","by 2. So, that it becomes 3 and divided by 2 yes. Now, whether it is plus or minus sign","x by, so it is h square by, so it was 3 factorial and that multiplied by 2, so that it becomes 3 and divided by 2. So, this is the","x by, so it is h square by, so it was 3 factorial and that multiplied by 2, so that it becomes 3 and divided by 2. So, this is the",1.35
large,12,test,U6xmF1EqMEM,178,M,SLOW,EAST,30.0,Non-Engineering,Laws of Probability,raw,Transcript,should be= probability of ai*probability of aj* probability of ak i j k must != and so on probability of intersection ai i=1 to n must be= the product of all the probabilities basically these are 2 to the power n-n-1 conditions,should be= probability of ai*probability of aj* probability of ak i j k must != and so on probability of intersection ai i=1 to n must be= the product of all the probabilities basically these are 2 to the power n-n-1 conditions,"that should be equal to probability of A i into probability of A j into probability of A k i j k must not be equal and so on. Probability of intersection A i i is equal to 1 to n must be equal to the product of all the probabilities. Basically these are 2 to the power n minus n minus 1 conditions. So, this is the probability of A j into probability of A k. So, this is","that should be equal to probability of A i into probability of A j into probability of A k i j k must not be equal and so on. Probability of intersection A i i is equal to 1 to n must be equal to the product of all the probabilities. Basically these are 2 to the power n minus n minus 1 conditions. So, this is the probability of A j into probability of A k. So, this is",1.2381
large,13,test,EayOCWaiRkw,277,M,SLOW,SOUTH,27.8,Engineering,Dual Slope ADC and Successor approximation ADC,raw,Transcript,"Now, that is voltage in C remains constant because it cannot discharge the assuming the bias current is negligible then the voltage","Now, that is voltage in C remains constant because it cannot discharge the assuming the bias current is negligible then the voltage","Now, the voltage that is the voltage on C remains constant voltage in C remains constant voltage in C remains constant because it cannot discharge assuming the bias current is negligible then the voltage in C remains constant. So, this is the voltage that is the voltage","Now, the voltage that is the voltage on C remains constant voltage in C remains constant voltage in C remains constant because it cannot discharge assuming the bias current is negligible then the voltage in C remains constant. So, this is the voltage that is the voltage",1.2273
large,14,test,3vVJkvTsbXQ,88,M,SLOW,NORTH,25.36,Engineering,Open MP&PRAM Model of Computation,raw,Transcript,not say assumption but it is an abstraction will talk about how it affect our analysis yes we one is the amount of resource how much memory i have how much local versus or shared,not say assumption but it is an abstraction will talk about how it affect our analysis yes we one is the amount of resource how much memory i have how much local versus or shared,"I won't say assumption, but it is an abstraction. We will talk about how it affects our analysis. Sir, so as many number of processors as you need which means it is valid for single processor to machine of even millions of processors. Yes. Right. Right. The, so one is the amount of resources, how much memory I have, how much local versus shared.","I won't say assumption, but it is an abstraction. We will talk about how it affects our analysis. Sir, so as many number of processors as you need which means it is valid for single processor to machine of even millions of processors. Yes. Right. Right. The, so one is the amount of resources, how much memory I have, how much local versus shared.",1.2
large,15,test,Vpoi5W6a3lo,166,M,FAST,SOUTH,17.64,Non-Engineering,Distributions(contd),raw,Transcript,"is when the original distribution is normal like we said this distribution of sample means is also normal. But, we also went through this central limit theorem where we said as long as you are aggregating is sufficiently large number of distributions the resulting distribution starts to look","is when the original distribution is normal like we said this distribution of sample means is also normal. But, we also went through this central limit theorem where we said as long as you are aggregating is sufficiently large number of distributions the resulting distribution starts to look",rate could be something like well two people arrive per minute okay so that's two and I want to ask the question what is the probability zero people will arrive over the next minute so I'd say on average two people arrive at the bus stop K is that zero right so I'll put substitute K with zero,rate could be something like well two people arrive per minute okay so that's two and I want to ask the question what is the probability zero people will arrive over the next minute so I'd say on average two people arrive at the bus stop K is that zero right so I'll put substitute K with zero,1.1875
large,16,test,9rEn4MNpZS4,211,M,SLOW,EAST,21.67,Engineering,Approximate Methods - II,raw,Transcript,"fixed and free ends. So, once again","fixed and free ends. So, once again","fixed and the free ends. So, once again do it and then we're done. 1","fixed and the free ends. So, once again do it and then we're done. 1",1.1429
large,17,test,whCu4Xl3m98,203,M,FAST,EAST,14.58,Engineering,Fluid Kinematics,raw,Transcript,"y. So, you can write similarly that dy/ dt is = by, so dy/y is = b dt, again you integrate","y. So, you can write similarly that dy/ dt is = by, so dy/y is = b dt, again you integrate","y. So, you can write similarly that dy dt is equal to by, so dy by y is equal to b dt again you integrate with. So, you can write that d y by y is equal to b dt.","y. So, you can write similarly that dy dt is equal to by, so dy by y is equal to b dt again you integrate with. So, you can write that d y by y is equal to b dt.",1.1429
large,18,test,BAJPvN2WBIA,203,M,FAST,EAST,26.891,Engineering,Microfluidics: Some More Application Examples,raw,Transcript,"What we did is we scratch the paper, you can see this black region we scratch the paper with HB pencil just HB pencil, and the graphite in the pencil help to act make this scratch locations act as electrodes. So this device is made just by a simple paper with a simple printer used to sort of print","What we did is we scratch the paper, you can see this black region we scratch the paper with HB pencil just HB pencil, and the graphite in the pencil help to act make this scratch locations act as electrodes. So this device is made just by a simple paper with a simple printer used to sort of print","What we did is we scratch the paper you can see this black region we scratch the paper with HB pencil just HB pencil, and the graphite in the pencil help to act make this scratch locations act as electrodes. So this device is made just by a simple paper with a simple printer used to sort of print good, and also a very Betsy printed product. . And if you use it like this you can also use it with Africaго! So no problem really paper for you, it's just not always good. .. . . . . . . . . . . . . . . . . . . . . . . . . . . . . . out!","What we did is we scratch the paper you can see this black region we scratch the paper with HB pencil just HB pencil, and the graphite in the pencil help to act make this scratch locations act as electrodes. So this device is made just by a simple paper with a simple printer used to sort of print good, and also a very Betsy printed product. . And if you use it like this you can also use it with Africaго! So no problem really paper for you, it's just not always good. .. . . . . . . . . . . . . . . . . . . . . . . . . . . . . . out!",1.1356
large,19,test,RZQTTfU9TNA,284,M,FAST,SOUTH,29.08,Engineering,Encoders and Decoders,raw,Transcript,"normally, this is a practical 3 to 8 decoder, I can give you the IC number if you want to this is 74138, it is not necessary to remember numbers. In fact I am not even sure it’s 128 or 138 but I think it’s 138.","normally, this is a practical 3 to 8 decoder, I can give you the IC number if you want to this is 74138, it is not necessary to remember numbers. In fact I am not even sure it’s 128 or 138 but I think it’s 138.",This is a practical 3 2 8 decoder actually I can give you the IC number if you want to it is 74138 does not matter do not have to remember numbers I do not remember numbers I will always book up book up in fact I am not even sure if it is 128 or 138 I think it is 138 if somebody has a book you can have a quick look at it anyway. el,This is a practical 3 2 8 decoder actually I can give you the IC number if you want to it is 74138 does not matter do not have to remember numbers I do not remember numbers I will always book up book up in fact I am not even sure if it is 128 or 138 I think it is 138 if somebody has a book you can have a quick look at it anyway. el,1.0435
large,20,test,lnD212vbPSk,70,M,FAST,SOUTH,26.769,Engineering,Sludge Treatment(Continued),raw,Transcript,We will see the advantages of this sludge draining beds for other dewatering processes. The cost involved is very very low for the sludge draining beds and infrequent attention is required because we can just go and dump the sludge on the sludge draining beds and it will automatically get dried because of evaporation and leaching,We will see the advantages of this sludge draining beds for other dewatering processes. The cost involved is very very low for the sludge draining beds and infrequent attention is required because we can just go and dump the sludge on the sludge draining beds and it will automatically get dried because of evaporation and leaching,"much higher compared to the summer and it is a labor intensive sludge process as far as sludge removal is concerned because we are pumping the liquid sludge to the sludge drying buds. Once the sludge is dried, how can we remove it? We have to remove the sludge from the sludge drying bud manually. So, it is a labor intensive process. And","much higher compared to the summer and it is a labor intensive sludge process as far as sludge removal is concerned because we are pumping the liquid sludge to the sludge drying buds. Once the sludge is dried, how can we remove it? We have to remove the sludge from the sludge drying bud manually. So, it is a labor intensive process. And",0.9821
